1,0,0,admin_login,"2024-01-10 08:11:48",login,"{""general"":null,""additional"":{""ip_v6"":""::1""}}",success,admin,1,adminhtml_index_index,,0.0.0.0
2,0,0,cache_management,"2024-01-10 08:21:01",flush,"{""general"":null,""additional"":{""ip_v6"":""::1""}}",success,admin,1,adminhtml_cache_flushSystem,,0.0.0.0
3,0,0,catalog_attributes,"2024-01-10 08:34:29",view,"{""general"":""89"",""additional"":{""ip_v6"":""::1""}}",success,admin,1,catalog_product_attribute_edit,,0.0.0.0
4,0,0,admin_login,"2024-01-10 09:44:47",login,"{""general"":null,""additional"":{""ip_v6"":""::1""}}",success,admin,1,adminhtml_noroute_index,,0.0.0.0
5,0,0,adminhtml_system_config,"2024-01-10 09:54:11",view,"{""general"":""developer_configuration"",""additional"":{""ip_v6"":""::1""}}",success,admin,1,adminhtml_system_config_index,,0.0.0.0
6,0,0,adminhtml_system_config,"2024-01-10 09:54:15",view,"{""general"":""admin"",""additional"":{""ip_v6"":""::1""}}",success,admin,1,adminhtml_system_config_edit,,0.0.0.0
7,0,0,adminhtml_system_config,"2024-01-10 09:54:23",save,"{""general"":""admin"",""additional"":{""ip_v6"":""::1""}}",success,admin,1,adminhtml_system_config_save,,0.0.0.0
8,0,0,cache_management,"2024-01-10 09:54:28",flush,"{""general"":null,""additional"":{""ip_v6"":""::1""}}",success,admin,1,adminhtml_cache_flushSystem,,0.0.0.0
9,0,0,admin_login,"2024-01-10 10:35:30",login,"{""general"":null,""additional"":{""ip_v6"":""::1""}}",success,admin,1,aliexpress_product_index,,0.0.0.0
10,0,0,admin_login,"2024-01-10 12:04:44",login,"{""general"":null,""additional"":{""ip_v6"":""::1""}}",success,admin,1,adminhtml_noroute_index,,0.0.0.0
11,0,0,catalog_products,"2024-01-10 12:06:21",view,"{""general"":""1"",""additional"":{""ip_v6"":""::1""}}",success,admin,1,catalog_product_edit,,0.0.0.0
12,0,0,catalog_products,"2024-01-10 12:06:43",save,"{""general"":""1, 34, 32, 20, 45, 6, 3, 4, 5, 7, 12, 14, 13, 1"",""additional"":{""ip_v6"":""::1""}}",success,admin,1,catalog_product_save,,0.0.0.0
13,0,0,admin_login,"2024-01-10 12:32:07",login,"{""general"":null,""additional"":{""ip_v6"":""::1""}}",success,admin,1,adminhtml_noroute_index,,0.0.0.0
14,0,0,adminhtml_system_config,"2024-01-10 12:32:13",view,"{""general"":""developer_configuration"",""additional"":{""ip_v6"":""::1""}}",success,admin,1,adminhtml_system_config_index,,0.0.0.0
15,0,0,adminhtml_system_config,"2024-01-10 12:32:21",save,"{""general"":""developer_configuration"",""additional"":{""ip_v6"":""::1""}}",success,admin,1,adminhtml_system_config_save,,0.0.0.0
16,0,0,cache_management,"2024-01-10 12:32:32",flush,"{""general"":null,""additional"":{""ip_v6"":""::1""}}",success,admin,1,adminhtml_cache_flushSystem,,0.0.0.0
17,0,0,catalog_products,"2024-01-10 12:33:00",view,"{""general"":""1"",""additional"":{""ip_v6"":""::1""}}",success,admin,1,catalog_product_edit,,0.0.0.0
18,0,0,catalog_products,"2024-01-10 12:33:11",save,"{""general"":""1, 34, 32, 20, 45, 6, 3, 4, 5, 7, 12, 14, 13, 1"",""additional"":{""ip_v6"":""::1""}}",success,admin,1,catalog_product_save,,0.0.0.0
19,0,0,catalog_products,"2024-01-10 12:33:32",view,"{""general"":""2"",""additional"":{""ip_v6"":""::1""}}",success,admin,1,catalog_product_edit,,0.0.0.0
20,0,0,catalog_products,"2024-01-10 12:33:43",save,"{""general"":""2, 23, 19, 46, 17, 1, 6, 3, 4, 5, 7, 12, 14, 11, 13, 2"",""additional"":{""ip_v6"":""::1""}}",success,admin,1,catalog_product_save,,0.0.0.0
21,0,0,admin_login,"2024-01-11 05:15:40",login,"{""general"":null,""additional"":{""ip_v6"":""::1""}}",success,admin,1,adminhtml_noroute_index,,0.0.0.0
22,0,0,admin_login,"2024-01-11 10:10:51",login,"{""general"":null,""additional"":{""ip_v6"":""::1""}}",success,admin,1,adminhtml_auth_login,,0.0.0.0
23,0,0,catalog_products,"2024-01-11 10:11:24",view,"{""general"":""1"",""additional"":{""ip_v6"":""::1""}}",success,admin,1,catalog_product_edit,,0.0.0.0
24,0,0,admin_login,"2024-01-12 08:02:49",login,"{""general"":null,""additional"":{""ip_v6"":""::1""}}",success,admin,1,adminhtml_noroute_index,,0.0.0.0
25,0,0,admin_login,"2024-01-12 14:04:51",login,"{""general"":null,""additional"":{""ip_v6"":""::1""}}",success,admin,1,tiktok_product_index,,0.0.0.0
26,0,0,catalog_products,"2024-01-12 14:05:38",view,"{""general"":""1"",""additional"":{""ip_v6"":""::1""}}",success,admin,1,catalog_product_edit,,0.0.0.0
27,0,0,catalog_products,"2024-01-12 14:05:59",save,"{""general"":""1, 34, 32, 20, 45, 6, 3, 4, 5, 7, 12, 14, 13, 1"",""additional"":{""ip_v6"":""::1""}}",success,admin,1,catalog_product_save,,0.0.0.0
28,0,0,index_managment,"2024-01-12 14:06:22",save,"{""general"":""ced_marketplace_products"",""additional"":{""ip_v6"":""::1""}}",failure,admin,1,indexer_indexer_massChangelog,"error: : We couldn't change indexer(s)' mode because of an error.",0.0.0.0
29,0,0,index_managment,"2024-01-12 14:07:00",save,"{""general"":""ced_marketplace_products"",""additional"":{""ip_v6"":""::1""}}",failure,admin,1,indexer_indexer_massChangelog,"error: : We couldn't change indexer(s)' mode because of an error.",0.0.0.0
30,0,0,index_managment,"2024-01-12 14:07:13",save,"{""general"":""ced_marketplace_products"",""additional"":{""ip_v6"":""::1""}}",failure,admin,1,indexer_indexer_massChangelog,"error: : We couldn't change indexer(s)' mode because of an error.",0.0.0.0
31,0,0,index_managment,"2024-01-12 14:11:56",save,"{""general"":""ced_marketplace_products"",""additional"":{""ip_v6"":""::1""}}",success,admin,1,indexer_indexer_massChangelog,,0.0.0.0
32,0,0,admin_login,"2024-01-15 09:23:00",login,"{""general"":null,""additional"":{""ip_v6"":""::1""}}",success,admin,1,adminhtml_noroute_index,,0.0.0.0
33,0,0,admin_login,"2024-01-16 05:46:56",login,"{""general"":null,""additional"":{""ip_v6"":""::1""}}",success,admin,1,tiktok_order_index,,0.0.0.0
34,0,0,admin_login,"2024-01-16 11:23:36",login,"{""general"":null,""additional"":{""ip_v6"":""::1""}}",success,admin,1,tiktok_product_index,,0.0.0.0
35,0,0,admin_login,"2024-01-16 11:57:25",login,"{""general"":null,""additional"":{""ip_v6"":""::1""}}",success,admin,1,tiktok_order_index,,0.0.0.0
36,0,0,adminhtml_system_config,"2024-01-16 12:26:13",view,"{""general"":""developer_configuration"",""additional"":{""ip_v6"":""::1""}}",success,admin,1,adminhtml_system_config_index,,0.0.0.0
37,0,0,adminhtml_system_config,"2024-01-16 12:26:23",view,"{""general"":""tiktok_configuration"",""additional"":{""ip_v6"":""::1""}}",success,admin,1,adminhtml_system_config_edit,,0.0.0.0
38,0,0,adminhtml_system_config,"2024-01-16 12:34:25",view,"{""general"":""tiktok_configuration"",""additional"":{""ip_v6"":""::1""}}",success,admin,1,adminhtml_system_config_edit,,0.0.0.0
39,0,0,adminhtml_system_config,"2024-01-16 12:35:27",view,"{""general"":""arise_configuration"",""additional"":{""ip_v6"":""::1""}}",success,admin,1,adminhtml_system_config_edit,,0.0.0.0
40,0,0,adminhtml_system_config,"2024-01-16 12:35:30",view,"{""general"":""aliexpress_configuration"",""additional"":{""ip_v6"":""::1""}}",success,admin,1,adminhtml_system_config_edit,,0.0.0.0
41,0,0,adminhtml_system_config,"2024-01-16 12:35:33",view,"{""general"":""developer_configuration"",""additional"":{""ip_v6"":""::1""}}",success,admin,1,adminhtml_system_config_edit,,0.0.0.0
42,0,0,adminhtml_system_config,"2024-01-16 12:36:28",view,"{""general"":""developer_configuration"",""additional"":{""ip_v6"":""::1""}}",success,admin,1,adminhtml_system_config_edit,,0.0.0.0
43,0,0,adminhtml_system_config,"2024-01-16 12:36:33",view,"{""general"":""tiktok_configuration"",""additional"":{""ip_v6"":""::1""}}",success,admin,1,adminhtml_system_config_edit,,0.0.0.0
44,0,0,admin_login,"2024-01-16 13:17:34",login,"{""general"":null,""additional"":{""ip_v6"":""::1""}}",success,admin,1,tiktok_account_index,,0.0.0.0
45,0,0,admin_login,"2024-01-16 14:09:25",login,"{""general"":null,""additional"":{""ip_v6"":""::1""}}",success,admin,1,tiktok_policies_index,,0.0.0.0
46,0,0,admin_login,"2024-01-17 11:12:49",login,"{""general"":null,""additional"":{""ip_v6"":""::1""}}",success,admin,1,adminhtml_dashboard_index,,0.0.0.0
47,0,0,admin_login,"2024-01-18 12:11:07",login,"{""general"":null,""additional"":{""ip_v6"":""::1""}}",success,admin,1,adminhtml_noroute_index,,0.0.0.0
48,0,0,admin_login,"2024-01-18 12:31:10",login,"{""general"":null,""additional"":{""ip_v6"":""::1""}}",success,admin,1,aliexpress_order_index,,0.0.0.0
49,0,0,admin_login,"2024-01-19 08:46:28",login,"{""general"":null,""additional"":{""ip_v6"":""::1""}}",success,admin,1,aliexpress_product_index,,0.0.0.0
50,0,0,admin_login,"2024-01-19 11:59:27",login,"{""general"":null,""additional"":{""ip_v6"":""::1""}}",success,admin,1,tiktok_product_index,,0.0.0.0
51,0,0,admin_login,"2024-01-23 05:26:11",login,"{""general"":null,""additional"":{""ip_v6"":""::1""}}",success,admin,1,tiktok_product_index,,0.0.0.0
52,0,0,admin_login,"2024-01-23 09:35:46",login,"{""general"":null,""additional"":{""ip_v6"":""::1""}}",success,admin,1,adminhtml_dashboard_index,,0.0.0.0
53,0,0,admin_login,"2024-01-23 13:03:07",login,"{""general"":null,""additional"":{""ip_v6"":""::1""}}",success,admin,1,adminhtml_dashboard_index,,0.0.0.0
54,0,0,admin_login,"2024-01-24 07:09:07",login,"{""general"":null,""additional"":{""ip_v6"":""::1""}}",success,admin,1,tiktok_listing_template_new,,0.0.0.0
55,0,0,admin_login,"2024-01-24 11:02:07",login,"{""general"":null,""additional"":{""ip_v6"":""::1""}}",success,admin,1,tiktok_order_index,,0.0.0.0
56,0,0,admin_login,"2024-01-24 11:24:26",login,"{""general"":null,""additional"":{""ip_v6"":""::1""}}",success,admin,1,tiktok_attribute_index,,0.0.0.0
57,0,0,admin_login,"2024-01-24 12:23:39",login,"{""general"":null,""additional"":{""ip_v6"":""::1""}}",success,admin,1,tiktok_account_index,,0.0.0.0
58,0,0,admin_login,"2024-01-25 06:10:04",login,"{""general"":null,""additional"":{""ip_v6"":""::1""}}",success,admin,1,adminhtml_noroute_index,,0.0.0.0
59,0,0,admin_login,"2024-01-25 09:58:49",login,"{""general"":null,""additional"":{""ip_v6"":""::1""}}",success,admin,1,adminhtml_dashboard_index,,0.0.0.0
60,0,0,admin_login,"2024-01-25 10:20:05",login,"{""general"":null,""additional"":{""ip_v6"":""::1""}}",success,admin,1,tiktok_attribute_index,,0.0.0.0
61,0,0,admin_login,"2024-01-25 11:32:16",login,"{""general"":null,""additional"":{""ip_v6"":""::1""}}",success,admin,1,tiktok_product_index,,0.0.0.0
62,0,0,admin_login,"2024-01-29 05:40:44",login,"{""general"":null,""additional"":{""ip_v6"":""::1""}}",success,admin,1,tiktok_attribute_index,,0.0.0.0
63,0,0,admin_login,"2024-01-29 06:40:10",login,"{""general"":null,""additional"":{""ip_v6"":""::1""}}",success,admin,1,adminhtml_dashboard_index,,0.0.0.0
64,0,0,admin_login,"2024-01-29 07:03:25",login,"{""general"":null,""additional"":{""ip_v6"":""::1""}}",success,admin,1,adminhtml_dashboard_index,,0.0.0.0
65,0,0,admin_login,"2024-01-29 09:39:56",login,"{""general"":null,""additional"":{""ip_v6"":""::1""}}",success,admin,1,tiktok_dashboard_index,,0.0.0.0
66,0,0,admin_login,"2024-01-29 13:03:55",login,"{""general"":null,""additional"":{""ip_v6"":""::1""}}",success,admin,1,tiktok_dashboard_index,,0.0.0.0
67,0,0,admin_login,"2024-01-29 14:03:31",login,"{""general"":null,""additional"":{""ip_v6"":""::1""}}",success,admin,1,tiktok_dashboard_index,,0.0.0.0
68,0,0,admin_login,"2024-01-30 05:11:38",login,"{""general"":null,""additional"":{""ip_v6"":""::1""}}",success,admin,1,tiktok_dashboard_index,,0.0.0.0
69,0,0,admin_login,"2024-01-30 08:16:23",login,"{""general"":null,""additional"":{""ip_v6"":""::1""}}",success,admin,1,tiktok_dashboard_index,,0.0.0.0
70,0,0,admin_login,"2024-01-30 09:24:51",login,"{""general"":null,""additional"":{""ip_v6"":""::1""}}",success,admin,1,tiktok_dashboard_index,,0.0.0.0
71,0,0,admin_login,"2024-01-30 10:14:45",login,"{""general"":null,""additional"":{""ip_v6"":""::1""}}",success,admin,1,tiktok_dashboard_index,,0.0.0.0
72,0,0,admin_login,"2024-01-31 05:06:06",login,"{""general"":null,""additional"":{""ip_v6"":""::1""}}",success,admin,1,tiktok_dashboard_index,,0.0.0.0
73,0,0,admin_login,"2024-01-31 05:22:12",login,"{""general"":null,""additional"":{""ip_v6"":""::1""}}",success,admin,1,tiktok_dashboard_index,,0.0.0.0
74,0,0,admin_login,"2024-01-31 09:50:28",login,"{""general"":null,""additional"":{""ip_v6"":""::1""}}",success,admin,1,tiktok_dashboard_index,,0.0.0.0
75,0,0,admin_login,"2024-01-31 11:42:17",login,"{""general"":null,""additional"":{""ip_v6"":""::1""}}",success,admin,1,tiktok_dashboard_index,,0.0.0.0
76,0,0,admin_login,"2024-01-31 12:47:33",login,"{""general"":null,""additional"":{""ip_v6"":""::1""}}",success,admin,1,tiktok_dashboard_index,,0.0.0.0
77,0,0,admin_login,"2024-01-31 13:47:23",login,"{""general"":null,""additional"":{""ip_v6"":""::1""}}",success,admin,1,adminhtml_noroute_index,,0.0.0.0
78,0,0,admin_login,"2024-02-01 05:23:05",login,"{""general"":null,""additional"":{""ip_v6"":""::1""}}",success,admin,1,tiktok_dashboard_index,,0.0.0.0
79,0,0,admin_login,"2024-02-01 10:08:43",login,"{""general"":null,""additional"":{""ip_v6"":""::1""}}",success,admin,1,tiktok_dashboard_index,,0.0.0.0
80,0,0,admin_login,"2024-02-01 11:25:20",login,"{""general"":null,""additional"":{""ip_v6"":""::1""}}",success,admin,1,tiktok_dashboard_index,,0.0.0.0
81,0,0,admin_login,"2024-02-02 05:13:41",login,"{""general"":null,""additional"":{""ip_v6"":""::1""}}",success,admin,1,tiktok_dashboard_index,,0.0.0.0
82,0,0,sales_orders,"2024-02-02 05:15:13",view,"{""general"":""2"",""additional"":{""Magento\\Sales\\Model\\Order\\Interceptor"":{""2"":{""increment_id"":""000000002""}},""ip_v6"":""::1""}}",success,admin,1,sales_order_view,,0.0.0.0
83,0,0,admin_login,"2024-02-02 06:51:16",login,"{""general"":null,""additional"":{""ip_v6"":""::1""}}",success,admin,1,tiktok_product_index,,0.0.0.0
84,0,0,admin_login,"2024-02-02 07:59:44",login,"{""general"":null,""additional"":{""ip_v6"":""::1""}}",success,admin,1,tiktok_dashboard_index,,0.0.0.0
85,0,0,admin_login,"2024-02-02 09:40:23",login,"{""general"":null,""additional"":{""ip_v6"":""::1""}}",success,admin,1,tiktok_dashboard_index,,0.0.0.0
86,0,0,admin_login,"2024-02-02 10:49:50",login,"{""general"":null,""additional"":{""ip_v6"":""::1""}}",success,admin,1,tiktok_dashboard_index,,0.0.0.0
87,0,0,admin_login,"2024-02-02 13:29:35",login,"{""general"":null,""additional"":{""ip_v6"":""::1""}}",success,admin,1,tiktok_dashboard_index,,0.0.0.0
88,0,0,admin_login,"2024-02-05 06:00:55",login,"{""general"":null,""additional"":{""ip_v6"":""::1""}}",success,admin,1,tiktok_dashboard_index,,0.0.0.0
89,0,0,admin_login,"2024-02-05 08:40:36",login,"{""general"":null,""additional"":{""ip_v6"":""::1""}}",success,admin,1,tiktok_dashboard_index,,0.0.0.0
90,0,0,admin_login,"2024-02-06 09:51:51",login,"{""general"":null,""additional"":{""ip_v6"":""::1""}}",success,admin,1,adminhtml_noroute_index,,0.0.0.0
91,0,0,admin_login,"2024-02-06 10:45:37",login,"{""general"":null,""additional"":{""ip_v6"":""::1""}}",success,admin,1,tiktok_order_index,,0.0.0.0
92,0,0,admin_login,"2024-02-06 11:54:26",login,"{""general"":null,""additional"":{""ip_v6"":""::1""}}",success,admin,1,tiktok_order_index,,0.0.0.0
93,0,0,admin_login,"2024-02-06 12:51:41",login,"{""general"":null,""additional"":{""ip_v6"":""::1""}}",success,admin,1,tiktok_attribute_index,,0.0.0.0
94,0,0,admin_login,"2024-02-07 07:30:33",login,"{""general"":null,""additional"":{""ip_v6"":""::1""}}",success,admin,1,adminhtml_noroute_index,,0.0.0.0
95,0,0,admin_login,"2024-02-07 10:50:34",login,"{""general"":null,""additional"":{""ip_v6"":""::1""}}",success,admin,1,adminhtml_noroute_index,,0.0.0.0
96,0,0,admin_login,"2024-02-07 11:41:05",login,"{""general"":null,""additional"":{""ip_v6"":""::1""}}",success,admin,1,adminhtml_dashboard_index,,0.0.0.0
97,2130706433,0,admin_login,"2024-02-07 12:05:36",login,"{""general"":null}",failure,admin,1,adminhtml_index_index,,127.0.0.1
98,2130706433,0,admin_login,"2024-02-07 12:05:39",login,"{""general"":null}",failure,admin,1,adminhtml_index_index,,127.0.0.1
99,2130706433,0,admin_login,"2024-02-07 12:05:45",login,"{""general"":null}",success,admin,1,adminhtml_index_index,,127.0.0.1
100,0,0,admin_login,"2024-02-07 12:10:20",login,"{""general"":null,""additional"":{""ip_v6"":""::1""}}",success,admin,1,adminhtml_auth_login,,0.0.0.0
101,2130706433,0,admin_login,"2024-02-07 12:13:14",login,"{""general"":null}",failure,admin,1,adminhtml_noroute_index,,127.0.0.1
102,2130706433,0,admin_login,"2024-02-07 12:13:20",login,"{""general"":null}",success,admin,1,adminhtml_noroute_index,,127.0.0.1
103,0,0,admin_login,"2024-02-07 12:54:46",login,"{""general"":null,""additional"":{""ip_v6"":""::1""}}",success,admin,1,adminhtml_noroute_index,,0.0.0.0
104,0,0,admin_login,"2024-02-08 05:32:46",login,"{""general"":null,""additional"":{""ip_v6"":""::1""}}",success,admin,1,miravia_dashboard_index,,0.0.0.0
105,0,0,admin_login,"2024-02-08 06:11:03",login,"{""general"":null,""additional"":{""ip_v6"":""::1""}}",success,admin,1,miravia_dashboard_index,,0.0.0.0
106,0,0,admin_login,"2024-02-08 10:38:55",login,"{""general"":null,""additional"":{""ip_v6"":""::1""}}",success,admin,1,miravia_order_index,,0.0.0.0
107,0,0,admin_login,"2024-02-08 11:45:05",login,"{""general"":null,""additional"":{""ip_v6"":""::1""}}",success,admin,1,tiktok_dashboard_index,,0.0.0.0
108,0,0,admin_login,"2024-02-08 12:44:05",login,"{""general"":null,""additional"":{""ip_v6"":""::1""}}",success,admin,1,miravia_dashboard_index,,0.0.0.0
109,0,0,admin_login,"2024-02-12 05:20:25",login,"{""general"":null,""additional"":{""ip_v6"":""::1""}}",success,admin,1,aliexpress_dashboard_index,,0.0.0.0
110,0,0,admin_login,"2024-02-12 07:26:59",login,"{""general"":null,""additional"":{""ip_v6"":""::1""}}",success,admin,1,adminhtml_dashboard_index,,0.0.0.0
111,2130706433,0,admin_login,"2024-02-12 07:40:47",login,"{""general"":null}",failure,admin,1,adminhtml_index_index,,127.0.0.1
112,2130706433,0,admin_login,"2024-02-12 07:40:50",login,"{""general"":null}",failure,admin,1,adminhtml_index_index,,127.0.0.1
113,2130706433,0,admin_login,"2024-02-12 07:40:55",login,"{""general"":null}",success,admin,1,adminhtml_index_index,,127.0.0.1
114,2130706433,0,admin_login,"2024-02-12 08:52:22",login,"{""general"":null}",success,admin,1,miravia_dashboard_index,,127.0.0.1
115,0,0,admin_login,"2024-02-13 05:31:46",login,"{""general"":null,""additional"":{""ip_v6"":""::1""}}",success,admin,1,adminhtml_noroute_index,,0.0.0.0
116,0,0,admin_login,"2024-02-15 05:47:12",login,"{""general"":null,""additional"":{""ip_v6"":""::1""}}",success,admin,1,adminhtml_dashboard_index,,0.0.0.0
117,0,0,admin_login,"2024-02-15 10:05:45",login,"{""general"":null,""additional"":{""ip_v6"":""::1""}}",success,admin,1,adminhtml_dashboard_index,,0.0.0.0
118,0,0,admin_login,"2024-02-15 10:53:54",login,"{""general"":null,""additional"":{""ip_v6"":""::1""}}",success,admin,1,tiktok_attribute_index,,0.0.0.0
119,0,0,admin_login,"2024-02-15 11:43:53",login,"{""general"":null,""additional"":{""ip_v6"":""::1""}}",success,admin,1,adminhtml_noroute_index,,0.0.0.0
120,0,0,admin_login,"2024-02-15 12:10:35",login,"{""general"":null,""additional"":{""ip_v6"":""::1""}}",success,admin,1,adminhtml_noroute_index,,0.0.0.0
121,0,0,admin_login,"2024-02-16 06:17:04",login,"{""general"":null,""additional"":{""ip_v6"":""::1""}}",success,admin,1,adminhtml_auth_login,,0.0.0.0
122,0,0,admin_login,"2024-02-16 11:04:17",login,"{""general"":null,""additional"":{""ip_v6"":""::1""}}",success,admin,1,adminhtml_noroute_index,,0.0.0.0
123,0,0,admin_login,"2024-02-16 12:36:06",login,"{""general"":null,""additional"":{""ip_v6"":""::1""}}",success,admin,1,tiktok_policies_save,,0.0.0.0
124,0,0,catalog_products,"2024-02-16 12:40:22",save,"{""general"":""2043, 2047"",""additional"":{""ip_v6"":""::1""}}",success,admin,1,catalog_product_save,,0.0.0.0
125,0,0,catalog_products,"2024-02-16 12:42:02",view,"{""general"":""2043"",""additional"":{""ip_v6"":""::1""}}",success,admin,1,catalog_product_edit,,0.0.0.0
126,0,0,admin_login,"2024-02-19 06:12:06",login,"{""general"":null,""additional"":{""ip_v6"":""::1""}}",success,admin,1,adminhtml_noroute_index,,0.0.0.0
127,0,0,admin_login,"2024-02-20 07:52:50",login,"{""general"":null,""additional"":{""ip_v6"":""::1""}}",success,admin,1,adminhtml_dashboard_index,,0.0.0.0
128,0,0,admin_login,"2024-02-20 11:38:35",login,"{""general"":null,""additional"":{""ip_v6"":""::1""}}",success,admin,1,adminhtml_dashboard_index,,0.0.0.0
129,0,0,admin_login,"2024-02-26 13:56:59",login,"{""general"":null,""additional"":{""ip_v6"":""::1""}}",success,admin,1,tiktok_account_edit,,0.0.0.0
130,0,0,adminhtml_system_config,"2024-02-26 13:57:13",view,"{""general"":""developer_configuration"",""additional"":{""ip_v6"":""::1""}}",success,admin,1,adminhtml_system_config_index,,0.0.0.0
131,0,0,adminhtml_system_config,"2024-02-26 13:57:17",view,"{""general"":""webapi"",""additional"":{""ip_v6"":""::1""}}",success,admin,1,adminhtml_system_config_edit,,0.0.0.0
132,0,0,admin_login,"2024-02-27 05:25:20",login,"{""general"":null,""additional"":{""ip_v6"":""::1""}}",success,admin,1,adminhtml_noroute_index,,0.0.0.0
133,0,0,admin_login,"2024-02-27 11:20:28",login,"{""general"":null,""additional"":{""ip_v6"":""::1""}}",success,admin,1,adminhtml_auth_login,,0.0.0.0
134,0,0,admin_login,"2024-02-27 14:21:36",login,"{""general"":null,""additional"":{""ip_v6"":""::1""}}",success,admin,1,tiktok_account_index,,0.0.0.0
135,0,0,admin_login,"2024-02-28 05:45:40",login,"{""general"":null,""additional"":{""ip_v6"":""::1""}}",success,admin,1,adminhtml_dashboard_index,,0.0.0.0
136,0,0,admin_login,"2024-02-28 07:02:13",login,"{""general"":null,""additional"":{""ip_v6"":""::1""}}",success,admin,1,tiktok_policies_index,,0.0.0.0
137,0,0,admin_login,"2024-02-29 07:13:36",login,"{""general"":null,""additional"":{""ip_v6"":""::1""}}",success,admin,1,adminhtml_auth_login,,0.0.0.0
138,0,0,admin_login,"2024-02-29 10:19:54",login,"{""general"":null,""additional"":{""ip_v6"":""::1""}}",success,admin,1,adminhtml_dashboard_index,,0.0.0.0
139,0,0,admin_login,"2024-02-29 11:56:15",login,"{""general"":null,""additional"":{""ip_v6"":""::1""}}",success,admin,1,tiktok_policies_index,,0.0.0.0
140,0,0,admin_login,"2024-03-01 13:48:36",login,"{""general"":null,""additional"":{""ip_v6"":""::1""}}",success,admin,1,adminhtml_auth_login,,0.0.0.0
141,0,0,sales_orders,"2024-03-01 14:13:30",view,"{""general"":null,""additional"":{""ip_v6"":""::1""}}",success,admin,1,sales_order_index,,0.0.0.0
142,0,0,sales_orders,"2024-03-01 14:13:33",applyFilter,"{""general"":null,""additional"":{""ip_v6"":""::1""}}",success,admin,1,mui_bookmark_save_sales_order_grid,,0.0.0.0
143,0,0,sales_orders,"2024-03-01 14:13:34",applyFilter,"{""general"":null,""additional"":{""ip_v6"":""::1""}}",success,admin,1,mui_bookmark_save_sales_order_grid,,0.0.0.0
144,0,0,sales_orders,"2024-03-01 14:13:37",view,"{""general"":""1"",""additional"":{""Magento\\Sales\\Model\\Order\\Interceptor"":{""1"":{""increment_id"":""000000001""}},""ip_v6"":""::1""}}",success,admin,1,sales_order_view,,0.0.0.0
145,0,0,sales_orders,"2024-03-01 14:13:38",view,"{""general"":""1"",""additional"":{""Magento\\Sales\\Model\\Order\\Interceptor"":{""1"":{""increment_id"":""000000001""}},""ip_v6"":""::1""}}",success,admin,1,sales_order_view,,0.0.0.0
146,0,0,sales_orders,"2024-03-01 14:13:39",view,"{""general"":null,""additional"":{""ip_v6"":""::1""}}",success,admin,1,sales_order_index,,0.0.0.0
147,0,0,sales_orders,"2024-03-01 14:13:44",listing,"{""general"":null,""additional"":{""ip_v6"":""::1""}}",success,admin,1,mui_index_render_sales_order_grid,,0.0.0.0
148,0,0,sales_orders,"2024-03-01 14:13:46",applyFilter,"{""general"":null,""additional"":{""ip_v6"":""::1""}}",success,admin,1,mui_bookmark_save_sales_order_grid,,0.0.0.0
149,0,0,admin_login,"2024-03-04 05:53:35",login,"{""general"":null,""additional"":{""ip_v6"":""::1""}}",success,admin,1,adminhtml_noroute_index,,0.0.0.0
150,0,0,admin_login,"2024-03-04 06:42:07",login,"{""general"":null,""additional"":{""ip_v6"":""::1""}}",success,admin,1,adminhtml_dashboard_index,,0.0.0.0
151,0,0,admin_login,"2024-03-05 09:02:52",login,"{""general"":null,""additional"":{""ip_v6"":""::1""}}",success,admin,1,tiktok_order_index,,0.0.0.0
152,0,0,sales_orders,"2024-03-05 09:07:48",view,"{""general"":null,""additional"":{""ip_v6"":""::1""}}",success,admin,1,sales_order_index,,0.0.0.0
153,0,0,sales_orders,"2024-03-05 09:07:54",view,"{""general"":""1"",""additional"":{""Magento\\Sales\\Model\\Order\\Interceptor"":{""1"":{""increment_id"":""000000001""}},""ip_v6"":""::1""}}",success,admin,1,sales_order_view,,0.0.0.0
154,0,0,sales_orders,"2024-03-05 09:07:55",view,"{""general"":""1"",""additional"":{""Magento\\Sales\\Model\\Order\\Interceptor"":{""1"":{""increment_id"":""000000001""}},""ip_v6"":""::1""}}",success,admin,1,sales_order_view,,0.0.0.0
155,0,0,sales_orders,"2024-03-05 09:07:56",view,"{""general"":""1"",""additional"":{""Magento\\Sales\\Model\\Order\\Interceptor"":{""1"":{""increment_id"":""000000001""}},""ip_v6"":""::1""}}",success,admin,1,sales_order_view,,0.0.0.0
156,0,0,sales_orders,"2024-03-05 09:07:58",view,"{""general"":null,""additional"":{""ip_v6"":""::1""}}",success,admin,1,sales_order_index,,0.0.0.0
157,0,0,customer,"2024-03-05 09:08:12",view,"{""general"":null,""additional"":{""ip_v6"":""::1""}}",success,admin,1,customer_index_index,,0.0.0.0
158,0,0,customer,"2024-03-05 09:08:14",applyFilter,"{""general"":null,""additional"":{""ip_v6"":""::1""}}",success,admin,1,mui_bookmark_save_customer_listing,,0.0.0.0
159,0,0,customer,"2024-03-05 09:08:15",applyFilter,"{""general"":null,""additional"":{""ip_v6"":""::1""}}",success,admin,1,mui_bookmark_save_customer_listing,,0.0.0.0
160,0,0,reports,"2024-03-05 09:08:44",view,"{""general"":""customer_totals"",""additional"":{""ip_v6"":""::1""}}",success,admin,1,reports_report_customer_totals,,0.0.0.0
161,0,0,admin_login,"2024-03-06 06:42:26",login,"{""general"":null,""additional"":{""ip_v6"":""::1""}}",success,admin,1,adminhtml_noroute_index,,0.0.0.0
162,0,0,admin_login,"2024-03-11 05:13:17",login,"{""general"":null,""additional"":{""ip_v6"":""::1""}}",success,admin,1,tiktok_account_index,,0.0.0.0
163,0,0,admin_login,"2024-03-11 07:24:43",login,"{""general"":null,""additional"":{""ip_v6"":""::1""}}",success,admin,1,adminhtml_dashboard_index,,0.0.0.0
164,0,0,admin_login,"2024-03-11 07:43:29",login,"{""general"":null,""additional"":{""ip_v6"":""::1""}}",success,admin,1,miravia_wizard_index,,0.0.0.0
165,0,0,reports,"2024-03-11 07:52:19",view,"{""general"":""shopcart_product"",""additional"":{""ip_v6"":""::1""}}",success,admin,1,reports_report_shopcart_product,,0.0.0.0
166,0,0,reports,"2024-03-11 07:52:28",view,"{""general"":""customer_totals"",""additional"":{""ip_v6"":""::1""}}",success,admin,1,reports_report_customer_totals,,0.0.0.0
167,0,0,customer,"2024-03-11 07:53:08",view,"{""general"":null,""additional"":{""ip_v6"":""::1""}}",success,admin,1,customer_index_index,,0.0.0.0
168,0,0,admin_login,"2024-03-11 10:38:30",login,"{""general"":null,""additional"":{""ip_v6"":""::1""}}",success,admin,1,miravia_wizard_index,,0.0.0.0
169,0,0,admin_login,"2024-03-18 12:03:45",login,"{""general"":null,""additional"":{""ip_v6"":""::1""}}",success,admin,1,tiktok_dashboard_index,,0.0.0.0
170,0,0,admin_login,"2024-03-19 05:59:40",login,"{""general"":null,""additional"":{""ip_v6"":""::1""}}",success,admin,1,adminhtml_noroute_index,,0.0.0.0
171,0,0,admin_login,"2024-03-20 08:58:54",login,"{""general"":null,""additional"":{""ip_v6"":""::1""}}",failure,root,,adminhtml_auth_login,,0.0.0.0
172,0,0,admin_login,"2024-03-20 08:58:57",login,"{""general"":null,""additional"":{""ip_v6"":""::1""}}",success,admin,1,adminhtml_auth_login,,0.0.0.0
173,0,0,admin_login,"2024-03-20 12:55:26",login,"{""general"":null,""additional"":{""ip_v6"":""::1""}}",success,admin,1,tiktok_dashboard_index,,0.0.0.0
174,0,0,admin_login,"2024-03-21 09:45:33",login,"{""general"":null,""additional"":{""ip_v6"":""::1""}}",success,admin,1,tiktok_dashboard_index,,0.0.0.0
175,0,0,adminhtml_system_config,"2024-03-21 09:51:38",view,"{""general"":""developer_configuration"",""additional"":{""ip_v6"":""::1""}}",success,admin,1,adminhtml_system_config_index,,0.0.0.0
176,0,0,adminhtml_system_config,"2024-03-21 09:51:41",view,"{""general"":""oauth"",""additional"":{""ip_v6"":""::1""}}",success,admin,1,adminhtml_system_config_edit,,0.0.0.0
177,0,0,admin_login,"2024-03-21 10:37:32",login,"{""general"":null,""additional"":{""ip_v6"":""::1""}}",success,admin,1,adminhtml_noroute_index,,0.0.0.0
178,0,0,admin_login,"2024-03-27 06:46:19",login,"{""general"":null,""additional"":{""ip_v6"":""::1""}}",success,admin,1,adminhtml_auth_login,,0.0.0.0
179,0,0,admin_login,"2024-03-28 05:36:08",login,"{""general"":null,""additional"":{""ip_v6"":""::1""}}",success,admin,1,tiktok_attribute_index,,0.0.0.0
180,0,0,admin_login,"2024-03-28 08:05:48",login,"{""general"":null,""additional"":{""ip_v6"":""::1""}}",success,admin,1,adminhtml_noroute_index,,0.0.0.0
181,0,0,catalog_categories,"2024-03-28 08:06:09",view,"{""general"":""7"",""additional"":{""ip_v6"":""::1""}}",success,admin,1,catalog_category_edit,,0.0.0.0
182,0,0,catalog_categories,"2024-03-28 08:06:20",save,"{""general"":""7, 2, 3, 4"",""additional"":{""ip_v6"":""::1""}}",success,admin,1,catalog_category_save,,0.0.0.0
183,0,0,catalog_categories,"2024-03-28 08:06:21",view,"{""general"":""7"",""additional"":{""ip_v6"":""::1""}}",success,admin,1,catalog_category_edit,,0.0.0.0
184,0,0,catalog_categories,"2024-03-28 08:06:23",view,"{""general"":""3"",""additional"":{""ip_v6"":""::1""}}",success,admin,1,catalog_category_edit,,0.0.0.0
185,0,0,catalog_categories,"2024-03-28 08:06:28",view,"{""general"":""7"",""additional"":{""ip_v6"":""::1""}}",success,admin,1,catalog_category_edit,,0.0.0.0
186,0,0,catalog_categories,"2024-03-28 08:06:44",view,"{""general"":""7"",""additional"":{""ip_v6"":""::1""}}",success,admin,1,catalog_category_edit,,0.0.0.0
187,0,0,catalog_categories,"2024-03-28 08:06:49",view,"{""general"":""29"",""additional"":{""ip_v6"":""::1""}}",success,admin,1,catalog_category_edit,,0.0.0.0
188,0,0,catalog_categories,"2024-03-28 08:06:56",view,"{""general"":""29"",""additional"":{""ip_v6"":""::1""}}",success,admin,1,catalog_category_edit,,0.0.0.0
189,0,0,catalog_categories,"2024-03-28 08:06:59",view,"{""general"":""7"",""additional"":{""ip_v6"":""::1""}}",success,admin,1,catalog_category_edit,,0.0.0.0
190,0,0,catalog_categories,"2024-03-28 08:07:04",save,"{""general"":""7, 2, 3, 4"",""additional"":{""ip_v6"":""::1""}}",success,admin,1,catalog_category_save,,0.0.0.0
191,0,0,catalog_categories,"2024-03-28 08:07:04",view,"{""general"":""7"",""additional"":{""ip_v6"":""::1""}}",success,admin,1,catalog_category_edit,,0.0.0.0
192,0,0,admin_login,"2024-03-28 13:54:25",login,"{""general"":null,""additional"":{""ip_v6"":""::1""}}",success,admin,1,adminhtml_noroute_index,,0.0.0.0
193,0,0,cache_management,"2024-03-28 14:05:08",flush,"{""general"":null,""additional"":{""ip_v6"":""::1""}}",success,admin,1,adminhtml_cache_flushSystem,,0.0.0.0
